Chief executives,11-1011,Line item,308.9,296.8,0.2,0.2,-12.1,-3.9,20.0
General and operations managers,11-1021,Line item,"2,263.1","2,468.3",1.5,1.5,205.2,9.1,210.7
Legislators,11-1031,Line item,55.5,59.4,0.0,0.0,3.9,7.1,4.4
Advertising and promotions managers,11-2011,Line item,31.3,33.0,0.0,0.0,1.7,5.5,3.4
Marketing managers,11-2021,Line item,218.3,240.4,0.1,0.1,22.1,10.1,21.3
Sales managers,11-2022,Line item,385.5,414.4,0.2,0.2,28.9,7.5,36.3
Public relations and fundraising managers,11-2031,Line item,73.5,81.1,0.0,0.0,7.7,10.4,6.9
Administrative services managers,11-3011,Line item,281.7,310.2,0.2,0.2,28.5,10.1,26.2
Computer and information systems managers,11-3021,Line item,367.6,411.8,0.2,0.2,44.2,12.0,32.5
Financial managers,11-3031,Line item,580.4,689.0,0.4,0.4,108.6,18.7,56.9
Industrial production managers,11-3051,Line item,170.6,169.7,0.1,0.1,-0.9,-0.5,11.6
Purchasing managers,11-3061,Line item,73.9,77.9,0.0,0.0,4.0,5.5,6.3
"Transportation, storage, and distribution managers",11-3071,Line item,115.5,123.3,0.1,0.1,7.8,6.7,9.7
Compensation and benefits managers,11-3111,Line item,15.8,16.6,0.0,0.0,0.8,5.0,1.2
Human resources managers,11-3121,Line item,136.1,148.4,0.1,0.1,12.3,9.1,12.4
Training and development managers,11-3131,Line item,34.5,38.1,0.0,0.0,3.6,10.3,3.5
"Farmers, ranchers, and other agricultural managers",11-9013,Line item,"1,028.7","1,020.7",0.7,0.6,-8.0,-0.8,74.3
Construction managers,11-9021,Line item,403.8,448.6,0.3,0.3,44.8,11.1,33.2
"Education administrators, preschool and childcare center/program",11-9031,Line item,61.8,68.5,0.0,0.0,6.7,10.8,5.5
"Education administrators, elementary and secondary school",11-9032,Line item,251.3,271.1,0.2,0.2,19.8,7.9,21.2
"Education administrators, postsecondary",11-9033,Line item,180.1,198.3,0.1,0.1,18.2,10.1,15.7
"Education administrators, all other",11-9039,Line item,38.4,42.5,0.0,0.0,4.1,10.6,3.4
Architectural and engineering managers,11-9041,Line item,180.1,190.0,0.1,0.1,9.9,5.5,13.6
Food service managers,11-9051,Line item,308.7,336.4,0.2,0.2,27.6,9.0,36.8
Funeral service managers,11-9061,Line item,25.7,27.5,0.0,0.0,1.8,6.8,2.0
Gaming managers,11-9071,Line item,4.5,4.6,0.0,0.0,0.1,2.5,0.5
Lodging managers,11-9081,Line item,47.8,49.7,0.0,0.0,1.9,4.0,5.0
Medical and health services managers,11-9111,Line item,352.2,424.3,0.2,0.3,72.1,20.5,36.7
Natural sciences managers,11-9121,Line item,56.7,62.3,0.0,0.0,5.6,9.9,5.2
Postmasters and mail superintendents,11-9131,Line item,14.2,11.2,0.0,0.0,-3.0,-20.9,0.6
"Property, real estate, and community association managers",11-9141,Line item,317.3,349.9,0.2,0.2,32.6,10.3,28.3
Social and community service managers,11-9151,Line item,147.3,173.8,0.1,0.1,26.5,18.0,16.3
Emergency management directors,11-9161,Line item,10.1,10.9,0.0,0.0,0.8,7.7,0.9
"Managers, all other",11-9199,Line item,992.1,"1,071.7",0.6,0.6,79.5,8.0,79.2
"Agents and business managers of artists, performers, and athletes",13-1011,Line item,19.1,20.0,0.0,0.0,0.9,4.7,2.3
"Buyers and purchasing agents, farm products",13-1021,Line item,13.7,12.9,0.0,0.0,-0.9,-6.2,1.4
"Wholesale and retail buyers, except farm products",13-1022,Line item,123.3,120.3,0.1,0.1,-3.0,-2.5,13.3
"Purchasing agents, except wholesale, retail, and farm products",13-1023,Line item,309.4,292.1,0.2,0.2,-17.4,-5.6,23.8
"Claims adjusters, examiners, and investigators",13-1031,Line item,311.1,306.7,0.2,0.2,-4.5,-1.4,24.5
"Insurance appraisers, auto damage",13-1032,Line item,17.6,18.5,0.0,0.0,0.9,4.9,1.5
Compliance officers,13-1041,Line item,288.3,312.0,0.2,0.2,23.7,8.2,25.9
Cost estimators,13-1051,Line item,217.9,240.8,0.1,0.1,22.9,10.5,24.4
Human resources specialists,13-1071,Line item,547.8,586.7,0.4,0.4,38.9,7.1,57.6
Farm labor contractors,13-1074,Line item,3.0,3.2,0.0,0.0,0.2,8.0,0.3
Labor relations specialists,13-1075,Line item,81.1,74.8,0.1,0.0,-6.3,-7.7,6.8
Logisticians,13-1081,Line item,148.7,159.0,0.1,0.1,10.3,6.9,15.6
Management analysts,13-1111,Line item,806.4,921.6,0.5,0.5,115.2,14.3,83.9
"Meeting, convention, and event planners",13-1121,Line item,116.7,129.4,0.1,0.1,12.7,10.9,15.1
Fundraisers,13-1131,Line item,90.4,103.8,0.1,0.1,13.4,14.8,10.7
"Compensation, benefits, and job analysis specialists",13-1141,Line item,84.2,91.3,0.1,0.1,7.2,8.5,7.7
Training and development specialists,13-1151,Line item,282.8,315.3,0.2,0.2,32.5,11.5,31.7
Market research analysts and marketing specialists,13-1161,Line item,595.4,733.7,0.4,0.4,138.3,23.2,77.1
"Business operations specialists, all other",13-1199,Line item,"1,023.9","1,114.3",0.7,0.7,90.3,8.8,104.2
Accountants and auditors,13-2011,Line item,"1,397.7","1,537.6",0.9,0.9,139.9,10.0,141.8
Appraisers and assessors of real estate,13-2021,Line item,80.8,92.4,0.1,0.1,11.7,14.4,6.7
Budget analysts,13-2031,Line item,58.4,62.2,0.0,0.0,3.8,6.5,4.8
Credit analysts,13-2041,Line item,73.8,79.9,0.0,0.0,6.2,8.4,6.8
Financial analysts,13-2051,Line item,296.1,328.2,0.2,0.2,32.2,10.9,29.0
Personal financial advisors,13-2052,Line item,271.9,312.3,0.2,0.2,40.4,14.9,25.5
Insurance underwriters,13-2053,Line item,104.1,98.6,0.1,0.1,-5.4,-5.2,7.5
Financial examiners,13-2061,Line item,52.5,57.6,0.0,0.0,5.1,9.8,4.6
Credit counselors,13-2071,Line item,38.3,43.6,0.0,0.0,5.3,13.8,3.8
Loan officers,13-2072,Line item,318.6,354.9,0.2,0.2,36.3,11.4,30.4
"Tax examiners and collectors, and revenue agents",13-2081,Line item,62.1,61.7,0.0,0.0,-0.4,-0.6,4.2
Tax preparers,13-2082,Line item,95.9,106.2,0.1,0.1,10.3,10.8,11.5
"Financial specialists, all other",13-2099,Line item,135.9,149.0,0.1,0.1,13.1,9.6,13.1
Computer and information research scientists,15-1111,Line item,27.9,33.2,0.0,0.0,5.4,19.2,2.5
Computer systems analysts,15-1121,Line item,600.5,654.9,0.4,0.4,54.4,9.1,44.9
Information security analysts,15-1122,Line item,100.0,128.5,0.1,0.1,28.5,28.5,10.4
Computer programmers,15-1131,Line item,294.9,273.6,0.2,0.2,-21.3,-7.2,15.5
"Software developers, applications",15-1132,Line item,831.3,"1,086.6",0.5,0.6,255.4,30.7,85.7
"Software developers, systems software",15-1133,Line item,425.0,472.1,0.3,0.3,47.1,11.1,32.9
Web developers,15-1134,Line item,162.9,187.2,0.1,0.1,24.4,15.0,14.6
Database administrators,15-1141,Line item,119.5,133.2,0.1,0.1,13.7,11.5,9.3
Network and computer systems administrators,15-1142,Line item,391.3,415.3,0.3,0.2,24.0,6.1,27.0
Computer network architects,15-1143,Line item,162.7,173.2,0.1,0.1,10.5,6.5,11.7
Computer user support specialists,15-1151,Line item,636.6,708.7,0.4,0.4,72.1,11.3,55.5
Computer network support specialists,15-1152,Line item,198.8,215.2,0.1,0.1,16.4,8.3,16.5
"Computer occupations, all other",15-1199,Line item,287.2,313.8,0.2,0.2,26.6,9.3,22.4
Actuaries,15-2011,Line item,23.6,28.9,0.0,0.0,5.3,22.5,2.1
Mathematicians,15-2021,Line item,3.1,4.0,0.0,0.0,0.9,29.7,0.3
Operations research analysts,15-2031,Line item,114.0,145.3,0.1,0.1,31.3,27.4,10.7
Statisticians,15-2041,Line item,37.2,49.8,0.0,0.0,12.6,33.8,4.4
Mathematical technicians,15-2091,Line item,0.6,0.6,0.0,0.0,0.0,7.8,0.0
"Mathematical science occupations, all other",15-2099,Line item,2.2,2.4,0.0,0.0,0.2,11.0,0.2
"Architects, except landscape and naval",17-1011,Line item,128.8,134.2,0.1,0.1,5.5,4.2,9.7
Landscape architects,17-1012,Line item,24.7,26.3,0.0,0.0,1.6,6.4,1.9
Cartographers and photogrammetrists,17-1021,Line item,12.6,15.0,0.0,0.0,2.4,19.4,1.2
Surveyors,17-1022,Line item,44.8,49.8,0.0,0.0,5.0,11.2,3.8
Aerospace engineers,17-2011,Line item,69.6,73.8,0.0,0.0,4.2,6.1,4.6
Agricultural engineers,17-2021,Line item,2.7,2.9,0.0,0.0,0.2,8.2,0.2
Biomedical engineers,17-2031,Line item,21.3,22.8,0.0,0.0,1.5,7.2,1.6
Chemical engineers,17-2041,Line item,32.7,35.1,0.0,0.0,2.5,7.5,2.4
Civil engineers,17-2051,Line item,303.5,335.7,0.2,0.2,32.2,10.6,25.9
Computer hardware engineers,17-2061,Line item,73.6,77.6,0.0,0.0,4.0,5.5,5.1
Electrical engineers,17-2071,Line item,188.3,204.5,0.1,0.1,16.2,8.6,13.9
"Electronics engineers, except computer",17-2072,Line item,136.3,141.3,0.1,0.1,5.1,3.7,9.2
Environmental engineers,17-2081,Line item,53.8,58.3,0.0,0.0,4.5,8.3,4.0
"Health and safety engineers, except mining safety engineers and inspectors",17-2111,Line item,25.9,28.1,0.0,0.0,2.2,8.6,1.9
Industrial engineers,17-2112,Line item,257.9,283.0,0.2,0.2,25.1,9.7,19.7
Marine engineers and naval architects,17-2121,Line item,8.2,9.2,0.0,0.0,1.0,11.5,0.6
Materials engineers,17-2131,Line item,27.0,27.5,0.0,0.0,0.4,1.6,1.9
Mechanical engineers,17-2141,Line item,288.8,314.1,0.2,0.2,25.3,8.8,21.2
"Mining and geological engineers, including mining safety engineers",17-2151,Line item,7.3,7.9,0.0,0.0,0.6,8.2,0.6
Nuclear engineers,17-2161,Line item,17.7,18.4,0.0,0.0,0.7,3.8,1.4
Petroleum engineers,17-2171,Line item,33.7,38.8,0.0,0.0,5.1,15.2,2.8
"Engineers, all other",17-2199,Line item,132.5,141.0,0.1,0.1,8.5,6.4,9.5
Architectural and civil drafters,17-3011,Line item,99.6,107.7,0.1,0.1,8.1,8.1,9.5
Electrical and electronics drafters,17-3012,Line item,27.4,29.3,0.0,0.0,1.9,6.8,2.6
Mechanical drafters,17-3013,Line item,64.8,68.2,0.0,0.0,3.4,5.2,5.9
"Drafters, all other",17-3019,Line item,15.9,17.2,0.0,0.0,1.3,8.0,1.5
Aerospace engineering and operations technicians,17-3021,Line item,12.1,12.9,0.0,0.0,0.8,6.6,1.1
Civil engineering technicians,17-3022,Line item,74.5,81.1,0.0,0.0,6.6,8.8,7.2
Electrical and electronics engineering technicians,17-3023,Line item,137.0,139.8,0.1,0.1,2.7,2.0,12.0
Electro-mechanical technicians,17-3024,Line item,13.8,14.3,0.0,0.0,0.5,3.5,1.2
Environmental engineering technicians,17-3025,Line item,17.0,19.1,0.0,0.0,2.2,12.9,1.7
Industrial engineering technicians,17-3026,Line item,63.9,64.3,0.0,0.0,0.4,0.6,5.5
Mechanical engineering technicians,17-3027,Line item,46.1,48.4,0.0,0.0,2.3,5.0,4.2
"Engineering technicians, except drafters, all other",17-3029,Line item,76.8,80.8,0.0,0.0,4.0,5.2,7.1
Surveying and mapping technicians,17-3031,Line item,60.2,66.6,0.0,0.0,6.4,10.6,7.2
Animal scientists,19-1011,Line item,6.1,6.4,0.0,0.0,0.4,5.9,0.7
Food scientists and technologists,19-1012,Line item,17.0,18.0,0.0,0.0,1.0,5.7,1.8
Soil and plant scientists,19-1013,Line item,19.9,21.7,0.0,0.0,1.8,8.8,2.2
Biochemists and biophysicists,19-1021,Line item,31.5,35.1,0.0,0.0,3.6,11.5,3.2
Microbiologists,19-1022,Line item,23.2,25.1,0.0,0.0,1.9,8.2,2.2
Zoologists and wildlife biologists,19-1023,Line item,19.4,20.9,0.0,0.0,1.5,7.6,1.9
"Biological scientists, all other",19-1029,Line item,38.7,41.8,0.0,0.0,3.1,8.0,3.7
Conservation scientists,19-1031,Line item,22.3,23.7,0.0,0.0,1.4,6.3,2.0
Foresters,19-1032,Line item,12.3,12.9,0.0,0.0,0.6,5.0,1.1
Epidemiologists,19-1041,Line item,6.1,6.6,0.0,0.0,0.5,8.8,0.6
"Medical scientists, except epidemiologists",19-1042,Line item,120.0,136.1,0.1,0.1,16.1,13.4,12.1
"Life scientists, all other",19-1099,Line item,8.9,9.7,0.0,0.0,0.8,9.2,0.8
Astronomers,19-2011,Line item,2.0,2.2,0.0,0.0,0.2,10.0,0.2
Physicists,19-2012,Line item,17.9,20.5,0.0,0.0,2.6,14.5,1.7
Atmospheric and space scientists,19-2021,Line item,10.4,11.7,0.0,0.0,1.3,12.0,0.9
Chemists,19-2031,Line item,88.3,94.0,0.1,0.1,5.7,6.5,8.6
Materials scientists,19-2032,Line item,7.9,8.5,0.0,0.0,0.6,7.1,0.8
"Environmental scientists and specialists, including health",19-2041,Line item,89.5,99.4,0.1,0.1,9.9,11.1,9.5
"Geoscientists, except hydrologists and geographers",19-2042,Line item,32.0,36.5,0.0,0.0,4.5,14.0,3.5
Hydrologists,19-2043,Line item,6.7,7.4,0.0,0.0,0.7,9.9,0.7
"Physical scientists, all other",19-2099,Line item,23.5,25.1,0.0,0.0,1.7,7.2,2.0
Economists,19-3011,Line item,21.3,22.6,0.0,0.0,1.3,6.3,1.6
Survey researchers,19-3022,Line item,14.6,14.9,0.0,0.0,0.4,2.5,1.4
"Clinical, counseling, and school psychologists",19-3031,Line item,147.5,168.5,0.1,0.1,21.0,14.3,12.1
Industrial-organizational psychologists,19-3032,Line item,1.7,1.8,0.0,0.0,0.1,8.4,0.1
"Psychologists, all other",19-3039,Line item,17.4,19.2,0.0,0.0,1.8,10.5,1.3
Sociologists,19-3041,Line item,3.5,3.5,0.0,0.0,0.0,1.3,0.3
Urban and regional planners,19-3051,Line item,36.0,40.6,0.0,0.0,4.6,12.8,3.5
Anthropologists and archeologists,19-3091,Line item,7.6,7.9,0.0,0.0,0.3,4.5,0.7
Geographers,19-3092,Line item,1.5,1.7,0.0,0.0,0.1,6.7,0.2
Historians,19-3093,Line item,3.3,3.5,0.0,0.0,0.2,6.0,0.3
Political scientists,19-3094,Line item,7.3,7.5,0.0,0.0,0.2,2.8,0.7
"Social scientists and related workers, all other",19-3099,Line item,42.1,44.9,0.0,0.0,2.7,6.5,4.2
Agricultural and food science technicians,19-4011,Line item,27.5,29.2,0.0,0.0,1.7,6.3,3.0
Biological technicians,19-4021,Line item,82.1,90.4,0.1,0.1,8.4,10.2,8.9
Chemical technicians,19-4031,Line item,67.3,70.0,0.0,0.0,2.7,4.0,6.6
Geological and petroleum technicians,19-4041,Line item,15.0,17.4,0.0,0.0,2.5,16.4,1.9
Nuclear technicians,19-4051,Line item,6.9,6.9,0.0,0.0,0.1,0.8,0.8
Social science research assistants,19-4061,Line item,34.0,35.5,0.0,0.0,1.5,4.3,4.1
"Environmental science and protection technicians, including health",19-4091,Line item,34.6,38.8,0.0,0.0,4.2,12.1,4.6
Forensic science technicians,19-4092,Line item,15.4,18.0,0.0,0.0,2.6,16.8,2.2
Forest and conservation technicians,19-4093,Line item,33.2,34.5,0.0,0.0,1.3,3.8,4.0
"Life, physical, and social science technicians, all other",19-4099,Line item,76.1,83.5,0.0,0.0,7.4,9.7,9.9
Substance abuse and behavioral disorder counselors,21-1011,Line item,102.4,126.2,0.1,0.1,23.8,23.2,14.1
"Educational, guidance, school, and vocational counselors",21-1012,Line item,291.7,328.4,0.2,0.2,36.7,12.6,35.3
Marriage and family therapists,21-1013,Line item,41.5,51.2,0.0,0.0,9.7,23.4,5.7
Mental health counselors,21-1014,Line item,157.7,194.2,0.1,0.1,36.5,23.1,21.6
Rehabilitation counselors,21-1015,Line item,119.3,134.4,0.1,0.1,15.1,12.7,14.5
"Counselors, all other",21-1019,Line item,31.8,36.3,0.0,0.0,4.5,14.3,3.9
"Child, family, and school social workers",21-1021,Line item,317.6,362.6,0.2,0.2,45.0,14.2,38.3
Healthcare social workers,21-1022,Line item,176.5,212.0,0.1,0.1,35.4,20.1,22.9
Mental health and substance abuse social workers,21-1023,Line item,123.9,147.9,0.1,0.1,23.9,19.3,15.9
"Social workers, all other",21-1029,Line item,64.0,69.3,0.0,0.0,5.3,8.3,7.2
Health educators,21-1091,Line item,61.0,69.9,0.0,0.0,8.8,14.5,8.7
Probation officers and correctional treatment specialists,21-1092,Line item,91.3,96.5,0.1,0.1,5.2,5.7,8.3
Social and human service assistants,21-1093,Line item,389.8,453.6,0.2,0.3,63.9,16.4,55.4
Community health workers,21-1094,Line item,57.5,67.8,0.0,0.0,10.4,18.1,8.5
"Community and social service specialists, all other",21-1099,Line item,100.3,113.5,0.1,0.1,13.2,13.2,14.1
Clergy,21-2011,Line item,243.9,263.8,0.2,0.2,19.9,8.2,29.2
"Directors, religious activities and education",21-2021,Line item,147.1,157.5,0.1,0.1,10.4,7.1,19.4
"Religious workers, all other",21-2099,Line item,53.2,57.3,0.0,0.0,4.1,7.7,7.7
Lawyers,23-1011,Line item,792.5,857.5,0.5,0.5,65.0,8.2,40.7
Judicial law clerks,23-1012,Line item,14.0,14.8,0.0,0.0,0.8,5.5,0.8
"Administrative law judges, adjudicators, and hearing officers",23-1021,Line item,15.4,16.0,0.0,0.0,0.6,4.0,0.7
"Arbitrators, mediators, and conciliators",23-1022,Line item,7.8,8.7,0.0,0.0,0.8,10.4,0.4
"Judges, magistrate judges, and magistrates",23-1023,Line item,28.4,30.0,0.0,0.0,1.6,5.6,1.4
Paralegals and legal assistants,23-2011,Line item,285.6,327.4,0.2,0.2,41.8,14.6,34.7
Court reporters,23-2091,Line item,19.6,20.3,0.0,0.0,0.7,3.4,1.7
"Title examiners, abstractors, and searchers",23-2093,Line item,69.0,72.0,0.0,0.0,3.0,4.4,6.0
"Legal support workers, all other",23-2099,Line item,50.9,52.8,0.0,0.0,1.9,3.8,4.4
"Business teachers, postsecondary",25-1011,Line item,104.2,123.0,0.1,0.1,18.9,18.1,10.4
"Computer science teachers, postsecondary",25-1021,Line item,39.7,42.9,0.0,0.0,3.2,8.1,3.4
"Mathematical science teachers, postsecondary",25-1022,Line item,60.9,66.6,0.0,0.0,5.6,9.2,5.3
"Architecture teachers, postsecondary",25-1031,Line item,9.5,10.5,0.0,0.0,1.0,10.6,0.8
"Engineering teachers, postsecondary",25-1032,Line item,47.6,54.6,0.0,0.0,6.9,14.6,4.5
"Agricultural sciences teachers, postsecondary",25-1041,Line item,12.6,13.6,0.0,0.0,0.9,7.5,1.1
"Biological science teachers, postsecondary",25-1042,Line item,62.3,71.7,0.0,0.0,9.4,15.2,6.0
"Forestry and conservation science teachers, postsecondary",25-1043,Line item,2.2,2.3,0.0,0.0,0.2,7.8,0.2
"Atmospheric, earth, marine, and space sciences teachers, postsecondary",25-1051,Line item,13.1,14.4,0.0,0.0,1.3,9.5,1.2
"Chemistry teachers, postsecondary",25-1052,Line item,26.3,28.9,0.0,0.0,2.6,9.9,2.3
"Environmental science teachers, postsecondary",25-1053,Line item,6.9,7.6,0.0,0.0,0.7,9.6,0.6
"Physics teachers, postsecondary",25-1054,Line item,17.6,19.4,0.0,0.0,1.8,10.0,1.6
"Anthropology and archeology teachers, postsecondary",25-1061,Line item,7.1,7.8,0.0,0.0,0.7,10.0,0.6
"Area, ethnic, and cultural studies teachers, postsecondary",25-1062,Line item,11.5,12.7,0.0,0.0,1.2,10.5,1.0
"Economics teachers, postsecondary",25-1063,Line item,16.5,18.3,0.0,0.0,1.8,10.6,1.5
"Geography teachers, postsecondary",25-1064,Line item,5.0,5.4,0.0,0.0,0.4,8.4,0.4
"Political science teachers, postsecondary",25-1065,Line item,21.2,23.4,0.0,0.0,2.2,10.6,1.9
"Psychology teachers, postsecondary",25-1066,Line item,46.9,54.0,0.0,0.0,7.1,15.1,4.5
"Sociology teachers, postsecondary",25-1067,Line item,17.9,19.6,0.0,0.0,1.8,9.8,1.6
"Social sciences teachers, postsecondary, all other",25-1069,Line item,15.3,16.8,0.0,0.0,1.5,10.0,1.3
"Health specialties teachers, postsecondary",25-1071,Line item,233.5,294.0,0.1,0.2,60.6,25.9,25.8
"Nursing instructors and teachers, postsecondary",25-1072,Line item,67.9,84.2,0.0,0.1,16.3,24.0,7.3
"Education teachers, postsecondary",25-1081,Line item,74.5,82.2,0.0,0.0,7.7,10.3,6.6
"Library science teachers, postsecondary",25-1082,Line item,6.0,6.5,0.0,0.0,0.5,9.0,0.5
"Criminal justice and law enforcement teachers, postsecondary",25-1111,Line item,17.3,19.4,0.0,0.0,2.2,12.5,1.6
"Law teachers, postsecondary",25-1112,Line item,21.2,23.8,0.0,0.0,2.6,12.3,1.9
"Social work teachers, postsecondary",25-1113,Line item,14.9,16.3,0.0,0.0,1.5,9.9,1.3
"Art, drama, and music teachers, postsecondary",25-1121,Line item,122.5,137.2,0.1,0.1,14.7,12.0,11.2
"Communications teachers, postsecondary",25-1122,Line item,34.1,37.5,0.0,0.0,3.4,10.0,3.0
"English language and literature teachers, postsecondary",25-1123,Line item,84.6,92.9,0.1,0.1,8.3,9.8,7.5
"Foreign language and literature teachers, postsecondary",25-1124,Line item,35.0,39.1,0.0,0.0,4.1,11.9,3.2
"History teachers, postsecondary",25-1125,Line item,26.9,29.7,0.0,0.0,2.8,10.3,2.4
"Philosophy and religion teachers, postsecondary",25-1126,Line item,31.8,35.7,0.0,0.0,3.9,12.3,2.9
Graduate teaching assistants,25-1191,Line item,168.3,181.2,0.1,0.1,12.9,7.7,14.4
"Home economics teachers, postsecondary",25-1192,Line item,3.5,3.8,0.0,0.0,0.3,7.8,0.3
"Recreation and fitness studies teachers, postsecondary",25-1193,Line item,20.6,22.6,0.0,0.0,2.0,9.7,1.8
"Vocational education teachers, postsecondary",25-1194,Line item,128.0,129.8,0.1,0.1,1.7,1.4,9.8
"Postsecondary teachers, all other",25-1199,Line item,236.5,258.7,0.2,0.2,22.2,9.4,20.7
"Preschool teachers, except special education",25-2011,Line item,478.5,528.6,0.3,0.3,50.1,10.5,53.6
"Kindergarten teachers, except special education",25-2012,Line item,154.4,166.7,0.1,0.1,12.3,7.9,16.7
"Elementary school teachers, except special education",25-2021,Line item,"1,410.9","1,514.9",0.9,0.9,104.1,7.4,112.8
"Middle school teachers, except special and career/technical education",25-2022,Line item,630.3,677.7,0.4,0.4,47.3,7.5,50.5
"Career/technical education teachers, middle school",25-2023,Line item,12.7,13.6,0.0,0.0,0.9,7.3,1.0
"Secondary school teachers, except special and career/technical education",25-2031,Line item,"1,018.7","1,095.5",0.7,0.7,76.8,7.5,79.5
"Career/technical education teachers, secondary school",25-2032,Line item,78.7,83.7,0.1,0.0,5.0,6.4,6.0
"Special education teachers, preschool",25-2051,Line item,29.2,32.5,0.0,0.0,3.3,11.2,2.5
"Special education teachers, kindergarten and elementary school",25-2052,Line item,188.9,202.8,0.1,0.1,13.9,7.4,15.0
"Special education teachers, middle school",25-2053,Line item,89.3,95.7,0.1,0.1,6.3,7.1,7.1
"Special education teachers, secondary school",25-2054,Line item,131.9,141.6,0.1,0.1,9.7,7.4,10.5
"Special education teachers, all other",25-2059,Line item,41.3,45.4,0.0,0.0,4.1,9.8,3.4
Adult basic and secondary education and literacy teachers and instructors,25-3011,Line item,68.2,64.7,0.0,0.0,-3.4,-5.1,6.8
Self-enrichment education teachers,25-3021,Line item,354.2,411.6,0.2,0.2,57.4,16.2,47.0
"Teachers and instructors, all other",25-3099,Line item,993.9,"1,091.8",0.6,0.7,98.0,9.9,122.2
Archivists,25-4011,Line item,6.8,7.8,0.0,0.0,1.0,14.3,0.8
Curators,25-4012,Line item,12.4,14.1,0.0,0.0,1.7,14.0,1.5
Museum technicians and conservators,25-4013,Line item,11.8,13.3,0.0,0.0,1.5,12.4,1.4
Librarians,25-4021,Line item,138.2,150.6,0.1,0.1,12.4,8.9,14.5
Library technicians,25-4031,Line item,99.2,108.2,0.1,0.1,9.0,9.1,14.4
Audio-visual and multimedia collections specialists,25-9011,Line item,11.3,12.3,0.0,0.0,1.0,8.9,1.1
Farm and home management advisors,25-9021,Line item,10.4,11.2,0.0,0.0,0.8,7.5,1.0
Instructional coordinators,25-9031,Line item,163.2,180.4,0.1,0.1,17.2,10.5,16.9
Teacher assistants,25-9041,Line item,"1,308.1","1,417.6",0.8,0.8,109.5,8.4,147.9
"Education, training, and library workers, all other",25-9099,Line item,112.7,124.9,0.1,0.1,12.2,10.8,11.7
Art directors,27-1011,Line item,90.3,95.2,0.1,0.1,4.9,5.4,7.7
Craft artists,27-1012,Line item,12.5,13.1,0.0,0.0,0.5,4.3,1.1
"Fine artists, including painters, sculptors, and illustrators",27-1013,Line item,28.0,29.9,0.0,0.0,1.9,6.6,2.4
Multimedia artists and animators,27-1014,Line item,73.7,79.9,0.0,0.0,6.2,8.4,6.6
"Artists and related workers, all other",27-1019,Line item,12.8,13.5,0.0,0.0,0.7,5.5,1.1
Commercial and industrial designers,27-1021,Line item,39.7,41.4,0.0,0.0,1.8,4.4,3.9
Fashion designers,27-1022,Line item,23.8,24.4,0.0,0.0,0.6,2.6,2.3
Floral designers,27-1023,Line item,55.0,51.4,0.0,0.0,-3.5,-6.4,4.5
Graphic designers,27-1024,Line item,266.3,277.4,0.2,0.2,11.1,4.2,26.0
Interior designers,27-1025,Line item,66.5,69.5,0.0,0.0,2.9,4.4,6.5
Merchandise displayers and window trimmers,27-1026,Line item,141.4,146.0,0.1,0.1,4.6,3.2,13.6
Set and exhibit designers,27-1027,Line item,14.6,16.1,0.0,0.0,1.5,10.3,1.6
"Designers, all other",27-1029,Line item,9.0,9.5,0.0,0.0,0.5,5.8,0.9
Actors,27-2011,Line item,63.8,71.2,0.0,0.0,7.4,11.6,7.4
Producers and directors,27-2012,Line item,134.7,151.2,0.1,0.1,16.5,12.2,14.1
Athletes and sports competitors,27-2021,Line item,11.8,12.7,0.0,0.0,0.9,7.5,1.7
Coaches and scouts,27-2022,Line item,276.1,311.7,0.2,0.2,35.7,12.9,42.1
"Umpires, referees, and other sports officials",27-2023,Line item,21.1,22.7,0.0,0.0,1.6,7.6,3.0
Dancers,27-2031,Line item,13.5,14.1,0.0,0.0,0.6,4.6,1.9
Choreographers,27-2032,Line item,6.9,7.1,0.0,0.0,0.2,2.8,0.9
Music directors and composers,27-2041,Line item,74.8,79.1,0.0,0.0,4.3,5.7,7.7
Musicians and singers,27-2042,Line item,172.4,182.8,0.1,0.1,10.4,6.0,17.8
"Entertainers and performers, sports and related workers, all other",27-2099,Line item,26.7,28.9,0.0,0.0,2.2,8.1,3.2
Radio and television announcers,27-3011,Line item,41.3,36.5,0.0,0.0,-4.8,-11.6,3.2
Public address system and other announcers,27-3012,Line item,11.4,11.7,0.0,0.0,0.3,2.5,1.1
Broadcast news analysts,27-3021,Line item,5.7,5.6,0.0,0.0,0.0,-0.4,0.5
Reporters and correspondents,27-3022,Line item,44.7,40.2,0.0,0.0,-4.5,-10.0,3.7
Public relations specialists,27-3031,Line item,259.6,282.6,0.2,0.2,22.9,8.8,28.2
Editors,27-3041,Line item,127.4,125.6,0.1,0.1,-1.8,-1.4,12.0
Technical writers,27-3042,Line item,52.4,58.1,0.0,0.0,5.7,11.0,5.7
Writers and authors,27-3043,Line item,131.2,141.2,0.1,0.1,10.0,7.6,12.6
Interpreters and translators,27-3091,Line item,68.2,80.3,0.0,0.0,12.1,17.7,7.8
"Media and communication workers, all other",27-3099,Line item,32.9,36.2,0.0,0.0,3.3,9.9,3.4
Audio and video equipment technicians,27-4011,Line item,83.3,94.0,0.1,0.1,10.7,12.9,9.0
Broadcast technicians,27-4012,Line item,34.0,32.9,0.0,0.0,-1.1,-3.2,2.9
Radio operators,27-4013,Line item,0.9,0.9,0.0,0.0,0.0,-1.0,0.1
Sound engineering technicians,27-4014,Line item,17.0,18.1,0.0,0.0,1.1,6.3,1.7
Photographers,27-4021,Line item,147.3,139.0,0.1,0.1,-8.3,-5.6,10.3
"Camera operators, television, video, and motion picture",27-4031,Line item,25.1,26.9,0.0,0.0,1.8,7.0,2.6
Film and video editors,27-4032,Line item,34.2,40.0,0.0,0.0,5.8,17.0,4.0
"Media and communication equipment workers, all other",27-4099,Line item,20.6,22.2,0.0,0.0,1.6,7.9,2.1
Chiropractors,29-1011,Line item,47.4,53.3,0.0,0.0,5.9,12.5,1.8
"Dentists, general",29-1021,Line item,132.8,158.5,0.1,0.1,25.7,19.4,6.4
Oral and maxillofacial surgeons,29-1022,Line item,6.8,8.1,0.0,0.0,1.3,19.1,0.3
Orthodontists,29-1023,Line item,6.6,7.8,0.0,0.0,1.3,19.3,0.3
Prosthodontists,29-1024,Line item,0.9,1.1,0.0,0.0,0.2,19.1,0.0
"Dentists, all other specialists",29-1029,Line item,6.4,7.3,0.0,0.0,0.9,13.3,0.3
Dietitians and nutritionists,29-1031,Line item,68.0,77.9,0.0,0.0,9.9,14.6,5.4
Optometrists,29-1041,Line item,40.2,47.4,0.0,0.0,7.2,17.9,2.0
Pharmacists,29-1051,Line item,312.5,329.9,0.2,0.2,17.4,5.6,15.3
Anesthesiologists,29-1061,Line item,33.0,38.1,0.0,0.0,5.1,15.4,1.4
Family and general practitioners,29-1062,Line item,134.8,154.1,0.1,0.1,19.2,14.3,5.6
"Internists, general",29-1063,Line item,49.8,57.0,0.0,0.0,7.3,14.6,2.1
Obstetricians and gynecologists,29-1064,Line item,21.7,25.0,0.0,0.0,3.4,15.5,0.9
"Pediatricians, general",29-1065,Line item,29.6,34.1,0.0,0.0,4.6,15.4,1.3
Psychiatrists,29-1066,Line item,27.5,30.6,0.0,0.0,3.1,11.2,1.1
Surgeons,29-1067,Line item,45.0,51.5,0.0,0.0,6.5,14.4,1.9
"Physicians and surgeons, all other",29-1069,Line item,372.4,414.7,0.2,0.2,42.3,11.4,14.3
Physician assistants,29-1071,Line item,106.2,145.9,0.1,0.1,39.6,37.3,10.6
Podiatrists,29-1081,Line item,11.0,12.2,0.0,0.0,1.1,10.3,0.7
Occupational therapists,29-1122,Line item,130.4,161.4,0.1,0.1,31.0,23.8,10.2
Physical therapists,29-1123,Line item,239.8,306.9,0.2,0.2,67.1,28.0,17.7
Radiation therapists,29-1124,Line item,19.1,21.5,0.0,0.0,2.4,12.8,1.2
Recreational therapists,29-1125,Line item,19.2,20.5,0.0,0.0,1.3,6.5,1.2
Respiratory therapists,29-1126,Line item,130.2,160.6,0.1,0.1,30.5,23.4,9.8
Speech-language pathologists,29-1127,Line item,145.1,171.0,0.1,0.1,25.9,17.8,10.4
Exercise physiologists,29-1128,Line item,15.1,17.1,0.0,0.0,2.0,13.1,1.1
"Therapists, all other",29-1129,Line item,24.1,28.9,0.0,0.0,4.8,19.9,1.9
Veterinarians,29-1131,Line item,79.6,94.6,0.1,0.1,15.0,18.8,4.5
Registered nurses,29-1141,Line item,"2,955.2","3,393.2",1.9,2.0,438.1,14.8,203.7
Nurse anesthetists,29-1151,Line item,41.8,48.6,0.0,0.0,6.8,16.2,2.8
Nurse midwives,29-1161,Line item,6.5,7.8,0.0,0.0,1.3,20.7,0.5
Nurse practitioners,29-1171,Line item,155.5,211.6,0.1,0.1,56.1,36.1,14.4
Audiologists,29-1181,Line item,14.8,17.8,0.0,0.0,3.1,20.7,1.0
"Health diagnosing and treating practitioners, all other",29-1199,Line item,56.4,63.9,0.0,0.0,7.5,13.3,3.8
Medical and clinical laboratory technologists,29-2011,Line item,171.4,191.2,0.1,0.1,19.8,11.5,12.9
Medical and clinical laboratory technicians,29-2012,Line item,164.2,187.2,0.1,0.1,22.9,14.0,12.9
Dental hygienists,29-2021,Line item,207.9,248.9,0.1,0.1,40.9,19.7,17.5
Cardiovascular technologists and technicians,29-2031,Line item,55.0,60.5,0.0,0.0,5.5,9.9,3.5
Diagnostic medical sonographers,29-2032,Line item,67.3,82.9,0.0,0.0,15.6,23.2,5.4
Nuclear medicine technologists,29-2033,Line item,20.1,22.1,0.0,0.0,2.0,9.8,1.3
Radiologic technologists,29-2034,Line item,205.2,230.5,0.1,0.1,25.3,12.3,13.6
Magnetic resonance imaging technologists,29-2035,Line item,36.6,41.5,0.0,0.0,5.0,13.7,2.5
Emergency medical technicians and paramedics,29-2041,Line item,248.0,285.4,0.2,0.2,37.4,15.1,19.4
Dietetic technicians,29-2051,Line item,33.4,36.5,0.0,0.0,3.1,9.3,3.0
Pharmacy technicians,29-2052,Line item,402.5,450.1,0.3,0.3,47.6,11.8,37.5
Psychiatric technicians,29-2053,Line item,66.1,70.0,0.0,0.0,3.9,5.9,5.6
Respiratory therapy technicians,29-2054,Line item,10.8,4.7,0.0,0.0,-6.1,-56.3,0.0
Surgical technologists,29-2055,Line item,107.7,120.3,0.1,0.1,12.6,11.7,10.0
Veterinary technologists and technicians,29-2056,Line item,102.0,122.4,0.1,0.1,20.4,20.0,10.7
Ophthalmic medical technicians,29-2057,Line item,44.5,53.2,0.0,0.0,8.7,19.5,4.6
Licensed practical and licensed vocational nurses,29-2061,Line item,724.5,813.4,0.5,0.5,88.9,12.3,62.7
Medical records and health information technicians,29-2071,Line item,206.3,234.1,0.1,0.1,27.8,13.5,15.8
"Opticians, dispensing",29-2081,Line item,77.6,89.3,0.0,0.1,11.6,15.0,7.0
Orthotists and prosthetists,29-2091,Line item,7.8,9.5,0.0,0.0,1.7,22.2,0.7
Hearing aid specialists,29-2092,Line item,6.8,8.2,0.0,0.0,1.3,19.5,0.6
"Health technologists and technicians, all other",29-2099,Line item,127.8,152.9,0.1,0.1,25.1,19.7,11.0
Occupational health and safety specialists,29-9011,Line item,83.7,90.5,0.1,0.1,6.8,8.1,5.0
Occupational health and safety technicians,29-9012,Line item,18.1,19.9,0.0,0.0,1.8,10.1,1.1
Athletic trainers,29-9091,Line item,27.8,34.1,0.0,0.0,6.3,22.8,2.2
Genetic counselors,29-9092,Line item,3.1,4.0,0.0,0.0,0.9,29.0,0.3
"Healthcare practitioners and technical workers, all other",29-9099,Line item,40.0,45.0,0.0,0.0,5.0,12.6,2.6
Home health aides,31-1011,Line item,911.5,"1,342.7",0.6,0.8,431.2,47.3,168.6
Psychiatric aides,31-1013,Line item,73.6,77.7,0.0,0.0,4.1,5.5,8.8
Nursing assistants,31-1014,Line item,"1,510.3","1,683.7",1.0,1.0,173.4,11.5,195.1
Orderlies,31-1015,Line item,54.0,58.4,0.0,0.0,4.4,8.1,6.7
Occupational therapy assistants,31-2011,Line item,39.3,50.7,0.0,0.0,11.4,28.9,6.6
Occupational therapy aides,31-2012,Line item,7.5,9.3,0.0,0.0,1.8,24.7,1.2
Physical therapist assistants,31-2021,Line item,88.3,115.8,0.1,0.1,27.4,31.0,14.7
Physical therapist aides,31-2022,Line item,52.0,67.2,0.0,0.0,15.3,29.4,8.5
Massage therapists,31-9011,Line item,160.3,202.4,0.1,0.1,42.1,26.3,22.6
Dental assistants,31-9091,Line item,332.0,396.6,0.2,0.2,64.6,19.5,45.9
Medical assistants,31-9092,Line item,634.4,818.4,0.4,0.5,183.9,29.0,94.9
Medical equipment preparers,31-9093,Line item,54.2,60.2,0.0,0.0,6.0,11.1,7.6
Medical transcriptionists,31-9094,Line item,57.4,55.5,0.0,0.0,-1.9,-3.4,6.4
Pharmacy aides,31-9095,Line item,36.9,35.2,0.0,0.0,-1.8,-4.8,4.7
Veterinary assistants and laboratory animal caretakers,31-9096,Line item,83.8,100.0,0.1,0.1,16.3,19.4,15.5
Phlebotomists,31-9097,Line item,122.7,152.8,0.1,0.1,30.1,24.5,16.9
"Healthcare support workers, all other",31-9099,Line item,97.3,108.7,0.1,0.1,11.4,11.7,13.7
First-line supervisors of correctional officers,33-1011,Line item,45.2,41.7,0.0,0.0,-3.5,-7.8,2.5
First-line supervisors of police and detectives,33-1012,Line item,104.7,111.6,0.1,0.1,6.9,6.6,7.1
First-line supervisors of fire fighting and prevention workers,33-1021,Line item,59.1,63.3,0.0,0.0,4.2,7.2,4.4
"First-line supervisors of protective service workers, all other",33-1099,Line item,75.2,78.7,0.0,0.0,3.5,4.6,7.7
Firefighters,33-2011,Line item,327.3,350.9,0.2,0.2,23.5,7.2,24.3
Fire inspectors and investigators,33-2021,Line item,12.3,13.2,0.0,0.0,0.9,7.3,1.4
Forest fire inspectors and prevention specialists,33-2022,Line item,1.7,2.2,0.0,0.0,0.5,26.6,0.2
Bailiffs,33-3011,Line item,18.6,18.2,0.0,0.0,-0.4,-2.1,1.4
Correctional officers and jailers,33-3012,Line item,450.0,415.5,0.3,0.2,-34.5,-7.7,31.3
Detectives and criminal investigators,33-3021,Line item,110.9,115.9,0.1,0.1,5.0,4.5,7.5
Fish and game wardens,33-3031,Line item,7.0,7.3,0.0,0.0,0.3,4.3,0.7
Parking enforcement workers,33-3041,Line item,9.4,6.1,0.0,0.0,-3.3,-35.3,0.4
Police and sheriff's patrol officers,33-3051,Line item,684.2,731.9,0.4,0.4,47.8,7.0,49.5
Transit and railroad police,33-3052,Line item,4.9,5.3,0.0,0.0,0.3,6.3,0.4
Animal control workers,33-9011,Line item,13.4,14.6,0.0,0.0,1.1,8.5,1.6
Private detectives and investigators,33-9021,Line item,41.4,45.8,0.0,0.0,4.4,10.6,4.5
Gaming surveillance officers and gaming investigators,33-9031,Line item,10.7,11.1,0.0,0.0,0.4,3.5,1.4
Security guards,33-9032,Line item,"1,123.3","1,193.9",0.7,0.7,70.6,6.3,157.5
Crossing guards,33-9091,Line item,74.3,80.6,0.0,0.0,6.3,8.5,14.5
"Lifeguards, ski patrol, and other recreational protective service workers",33-9092,Line item,152.1,163.7,0.1,0.1,11.7,7.7,39.7
Transportation security screeners,33-9093,Line item,46.1,47.3,0.0,0.0,1.2,2.6,4.2
"Protective service workers, all other",33-9099,Line item,133.8,145.1,0.1,0.1,11.3,8.4,35.2
Chefs and head cooks,35-1011,Line item,146.5,160.6,0.1,0.1,14.1,9.6,20.3
First-line supervisors of food preparation and serving workers,35-1012,Line item,936.9,"1,024.5",0.6,0.6,87.6,9.3,146.3
"Cooks, fast food",35-2011,Line item,517.6,490.5,0.3,0.3,-27.1,-5.2,67.2
"Cooks, institution and cafeteria",35-2012,Line item,424.8,457.4,0.3,0.3,32.6,7.7,64.4
"Cooks, private household",35-2013,Line item,25.0,26.3,0.0,0.0,1.4,5.5,3.7
"Cooks, restaurant",35-2014,Line item,"1,231.9","1,377.2",0.8,0.8,145.3,11.8,195.3
"Cooks, short order",35-2015,Line item,185.9,179.7,0.1,0.1,-6.2,-3.3,24.7
"Cooks, all other",35-2019,Line item,17.8,19.4,0.0,0.0,1.6,9.0,2.7
Food preparation workers,35-2021,Line item,871.1,939.7,0.6,0.6,68.6,7.9,157.7
Bartenders,35-3011,Line item,611.2,626.3,0.4,0.4,15.1,2.5,102.3
"Combined food preparation and serving workers, including fast food",35-3021,Line item,"3,452.2","4,032.1",2.2,2.4,579.9,16.8,736.0
"Counter attendants, cafeteria, food concession, and coffee shop",35-3022,Line item,505.2,528.3,0.3,0.3,23.1,4.6,113.2
Waiters and waitresses,35-3031,Line item,"2,600.5","2,783.0",1.7,1.7,182.5,7.0,522.7
"Food servers, nonrestaurant",35-3041,Line item,263.8,290.7,0.2,0.2,26.9,10.2,43.1
Dining room and cafeteria attendants and bartender helpers,35-9011,Line item,431.2,461.7,0.3,0.3,30.5,7.1,78.2
Dishwashers,35-9021,Line item,514.3,536.6,0.3,0.3,22.2,4.3,83.0
"Hosts and hostesses, restaurant, lounge, and coffee shop",35-9031,Line item,409.2,437.5,0.3,0.3,28.3,6.9,97.9
"Food preparation and serving related workers, all other",35-9099,Line item,60.9,66.5,0.0,0.0,5.6,9.3,11.3
First-line supervisors of housekeeping and janitorial workers,37-1011,Line item,243.5,267.6,0.2,0.2,24.1,9.9,30.8
"First-line supervisors of landscaping, lawn service, and groundskeeping workers",37-1012,Line item,178.3,198.6,0.1,0.1,20.3,11.4,19.5
"Janitors and cleaners, except maids and housekeeping cleaners",37-2011,Line item,"2,384.6","2,621.2",1.5,1.6,236.5,9.9,344.1
Maids and housekeeping cleaners,37-2012,Line item,"1,443.2","1,531.0",0.9,0.9,87.9,6.1,202.0
"Building cleaning workers, all other",37-2019,Line item,16.2,18.3,0.0,0.0,2.1,12.8,2.4
Pest control workers,37-2021,Line item,78.9,85.4,0.1,0.1,6.5,8.2,11.7
Landscaping and groundskeeping workers,37-3011,Line item,"1,197.9","1,333.1",0.8,0.8,135.2,11.3,163.0
"Pesticide handlers, sprayers, and applicators, vegetation",37-3012,Line item,38.0,41.0,0.0,0.0,3.0,7.8,5.0
Tree trimmers and pruners,37-3013,Line item,54.5,60.9,0.0,0.0,6.4,11.7,7.5
"Grounds maintenance workers, all other",37-3019,Line item,18.9,20.6,0.0,0.0,1.7,9.2,2.5
Gaming supervisors,39-1011,Line item,38.5,40.0,0.0,0.0,1.5,3.9,6.2
Slot supervisors,39-1012,Line item,12.1,12.6,0.0,0.0,0.6,4.6,2.0
First-line supervisors of personal service workers,39-1021,Line item,276.1,316.5,0.2,0.2,40.3,14.6,31.6
Animal trainers,39-2011,Line item,54.9,61.0,0.0,0.0,6.1,11.2,7.0
Nonfarm animal caretakers,39-2021,Line item,241.5,300.0,0.2,0.2,58.5,24.2,46.2
Gaming dealers,39-3011,Line item,96.9,98.0,0.1,0.1,1.1,1.2,14.5
Gaming and sports book writers and runners,39-3012,Line item,11.7,12.1,0.0,0.0,0.4,3.8,1.8
"Gaming service workers, all other",39-3019,Line item,12.5,12.6,0.0,0.0,0.1,0.7,1.9
Motion picture projectionists,39-3021,Line item,5.8,5.2,0.0,0.0,-0.6,-9.7,0.6
"Ushers, lobby attendants, and ticket takers",39-3031,Line item,117.7,126.4,0.1,0.1,8.8,7.5,30.5
Amusement and recreation attendants,39-3091,Line item,300.0,327.9,0.2,0.2,27.8,9.3,73.2
Costume attendants,39-3092,Line item,6.6,7.3,0.0,0.0,0.6,9.7,1.6
"Locker room, coatroom, and dressing room attendants",39-3093,Line item,18.6,20.3,0.0,0.0,1.6,8.7,4.5
"Entertainment attendants and related workers, all other",39-3099,Line item,14.6,16.2,0.0,0.0,1.7,11.4,3.6
Embalmers,39-4011,Line item,3.7,3.7,0.0,0.0,0.0,-0.8,0.6
Funeral attendants,39-4021,Line item,36.1,37.0,0.0,0.0,1.0,2.7,5.6
"Morticians, undertakers, and funeral directors",39-4031,Line item,28.7,29.8,0.0,0.0,1.1,3.9,3.7
Barbers,39-5011,Line item,56.4,64.0,0.0,0.0,7.6,13.4,6.2
"Hairdressers, hairstylists, and cosmetologists",39-5012,Line item,617.3,697.4,0.4,0.4,80.1,13.0,84.7
"Makeup artists, theatrical and performance",39-5091,Line item,4.8,5.4,0.0,0.0,0.6,12.5,0.6
Manicurists and pedicurists,39-5092,Line item,126.3,143.0,0.1,0.1,16.7,13.2,16.6
Shampooers,39-5093,Line item,21.2,24.1,0.0,0.0,2.8,13.4,2.8
Skincare specialists,39-5094,Line item,61.3,69.7,0.0,0.0,8.5,13.8,8.1
Baggage porters and bellhops,39-6011,Line item,45.1,48.8,0.0,0.0,3.7,8.2,6.7
Concierges,39-6012,Line item,32.5,36.2,0.0,0.0,3.7,11.3,5.0
Tour guides and escorts,39-7011,Line item,45.8,50.6,0.0,0.0,4.7,10.3,8.7
Travel guides,39-7012,Line item,3.6,3.8,0.0,0.0,0.2,4.9,0.6
Childcare workers,39-9011,Line item,"1,216.6","1,300.9",0.8,0.8,84.3,6.9,189.1
Personal care aides,39-9021,Line item,"2,016.1","2,793.8",1.3,1.7,777.6,38.6,414.3
Fitness trainers and aerobics instructors,39-9031,Line item,299.2,329.2,0.2,0.2,30.1,10.1,55.0
Recreation workers,39-9032,Line item,390.0,423.9,0.2,0.3,34.0,8.7,70.7
Residential advisors,39-9041,Line item,118.8,134.1,0.1,0.1,15.3,12.9,22.5
"Personal care and service workers, all other",39-9099,Line item,88.9,95.9,0.1,0.1,7.0,7.9,14.1
First-line supervisors of retail sales workers,41-1011,Line item,"1,532.4","1,590.1",1.0,0.9,57.7,3.8,168.5
First-line supervisors of non-retail sales workers,41-1012,Line item,405.2,425.2,0.3,0.3,20.0,4.9,39.0
Cashiers,41-2011,Line item,"3,555.5","3,524.9",2.3,2.1,-30.6,-0.9,653.7
Gaming change persons and booth cashiers,41-2012,Line item,23.4,24.0,0.0,0.0,0.6,2.6,4.5
Counter and rental clerks,41-2021,Line item,458.2,483.2,0.3,0.3,25.0,5.5,61.8
Parts salespersons,41-2022,Line item,251.9,264.5,0.2,0.2,12.7,5.0,32.9
Retail salespersons,41-2031,Line item,"4,602.5","4,682.1",2.9,2.8,79.7,1.7,670.3
Advertising sales agents,41-3011,Line item,149.9,144.5,0.1,0.1,-5.4,-3.6,17.7
Insurance sales agents,41-3021,Line item,501.4,551.2,0.3,0.3,49.8,9.9,54.7
"Securities, commodities, and financial services sales agents",41-3031,Line item,375.7,398.9,0.2,0.2,23.3,6.2,38.0
Travel agents,41-3041,Line item,81.7,72.2,0.1,0.0,-9.5,-11.7,7.8
"Sales representatives, services, all other",41-3099,Line item,983.0,"1,077.9",0.6,0.6,94.9,9.7,131.0
"Sales representatives, wholesale and manufacturing, technical and scientific products",41-4011,Line item,343.6,361.3,0.2,0.2,17.6,5.1,37.0
"Sales representatives, wholesale and manufacturing, except technical and scientific products",41-4012,Line item,"1,469.9","1,546.3",0.9,0.9,76.4,5.2,158.4
Demonstrators and product promoters,41-9011,Line item,94.7,100.9,0.1,0.1,6.2,6.6,17.1
Models,41-9012,Line item,4.8,4.8,0.0,0.0,-0.1,-1.3,0.8
Real estate brokers,41-9021,Line item,95.3,100.0,0.1,0.1,4.7,4.9,9.3
Real estate sales agents,41-9022,Line item,348.8,369.0,0.2,0.2,20.2,5.8,34.4
Sales engineers,41-9031,Line item,74.9,80.1,0.0,0.0,5.2,6.9,8.3
Telemarketers,41-9041,Line item,216.6,216.6,0.1,0.1,0.0,0.0,33.3
"Door-to-door sales workers, news and street vendors, and related workers",41-9091,Line item,82.4,82.4,0.1,0.0,0.1,0.1,8.6
"Sales and related workers, all other",41-9099,Line item,95.9,106.1,0.1,0.1,10.2,10.6,14.1
First-line supervisors of office and administrative support workers,43-1011,Line item,"1,506.3","1,557.4",1.0,0.9,51.2,3.4,153.0
"Switchboard operators, including answering service",43-2011,Line item,93.2,74.7,0.1,0.0,-18.5,-19.9,9.0
Telephone operators,43-2021,Line item,9.1,7.0,0.0,0.0,-2.0,-22.6,0.9
"Communications equipment operators, all other",43-2099,Line item,2.4,2.6,0.0,0.0,0.2,10.4,0.3
Bill and account collectors,43-3011,Line item,305.7,296.7,0.2,0.2,-9.1,-3.0,30.2
Billing and posting clerks,43-3021,Line item,501.0,571.6,0.3,0.3,70.7,14.1,59.5
"Bookkeeping, accounting, and auditing clerks",43-3031,Line item,"1,730.5","1,705.3",1.1,1.0,-25.2,-1.5,186.4
Gaming cage workers,43-3041,Line item,19.0,19.3,0.0,0.0,0.3,1.4,3.0
Payroll and timekeeping clerks,43-3051,Line item,166.3,164.7,0.1,0.1,-1.6,-0.9,16.1
Procurement clerks,43-3061,Line item,74.9,71.7,0.0,0.0,-3.2,-4.3,7.5
Tellers,43-3071,Line item,502.7,460.9,0.3,0.3,-41.8,-8.3,51.5
"Financial clerks, all other",43-3099,Line item,36.6,40.2,0.0,0.0,3.6,9.9,4.3
Brokerage clerks,43-4011,Line item,60.4,63.4,0.0,0.0,3.0,5.0,6.6
Correspondence clerks,43-4021,Line item,7.2,7.4,0.0,0.0,0.2,2.1,0.8
"Court, municipal, and license clerks",43-4031,Line item,135.5,144.2,0.1,0.1,8.8,6.5,12.6
"Credit authorizers, checkers, and clerks",43-4041,Line item,38.5,37.4,0.0,0.0,-1.1,-2.8,3.7
Customer service representatives,43-4051,Line item,"2,784.5","2,920.8",1.8,1.7,136.3,4.9,373.5
"Eligibility interviewers, government programs",43-4061,Line item,143.1,151.6,0.1,0.1,8.5,6.0,13.6
File clerks,43-4071,Line item,135.0,121.0,0.1,0.1,-14.0,-10.4,14.2
"Hotel, motel, and resort desk clerks",43-4081,Line item,252.6,263.8,0.2,0.2,11.2,4.4,40.9
"Interviewers, except eligibility and loan",43-4111,Line item,194.7,205.7,0.1,0.1,11.0,5.7,24.3
"Library assistants, clerical",43-4121,Line item,104.3,114.1,0.1,0.1,9.8,9.4,16.3
Loan interviewers and clerks,43-4131,Line item,229.8,258.2,0.1,0.2,28.4,12.3,25.7
New accounts clerks,43-4141,Line item,42.0,39.4,0.0,0.0,-2.6,-6.2,4.0
Order clerks,43-4151,Line item,179.0,175.3,0.1,0.1,-3.7,-2.1,19.4
"Human resources assistants, except payroll and timekeeping",43-4161,Line item,141.5,138.9,0.1,0.1,-2.6,-1.8,15.1
Receptionists and information clerks,43-4171,Line item,"1,053.7","1,149.2",0.7,0.7,95.5,9.1,151.1
Reservation and transportation ticket agents and travel clerks,43-4181,Line item,150.1,155.8,0.1,0.1,5.6,3.8,16.3
"Information and record clerks, all other",43-4199,Line item,178.1,191.7,0.1,0.1,13.6,7.6,21.9
Cargo and freight agents,43-5011,Line item,89.8,99.1,0.1,0.1,9.3,10.4,8.6
Couriers and messengers,43-5021,Line item,95.0,105.9,0.1,0.1,10.9,11.5,10.1
"Police, fire, and ambulance dispatchers",43-5031,Line item,98.6,106.7,0.1,0.1,8.2,8.3,10.0
"Dispatchers, except police, fire, and ambulance",43-5032,Line item,201.7,201.6,0.1,0.1,-0.1,-0.1,18.0
"Meter readers, utilities",43-5041,Line item,34.8,33.2,0.0,0.0,-1.5,-4.4,2.3
Postal service clerks,43-5051,Line item,79.0,69.5,0.1,0.0,-9.5,-12.1,4.8
Postal service mail carriers,43-5052,Line item,316.7,278.5,0.2,0.2,-38.2,-12.1,16.1
"Postal service mail sorters, processors, and processing machine operators",43-5053,Line item,106.7,89.1,0.1,0.1,-17.5,-16.5,5.2
"Production, planning, and expediting clerks",43-5061,Line item,329.4,347.4,0.2,0.2,18.0,5.5,35.5
"Shipping, receiving, and traffic clerks",43-5071,Line item,681.4,681.5,0.4,0.4,0.1,0.0,67.2
Stock clerks and order fillers,43-5081,Line item,"2,008.6","2,109.6",1.3,1.3,100.9,5.0,269.2
"Weighers, measurers, checkers, and samplers, recordkeeping",43-5111,Line item,75.9,77.3,0.0,0.0,1.4,1.8,7.6
Executive secretaries and executive administrative assistants,43-6011,Line item,685.3,566.2,0.4,0.3,-119.2,-17.4,54.6
Legal secretaries,43-6012,Line item,194.7,157.5,0.1,0.1,-37.1,-19.1,15.0
Medical secretaries,43-6013,Line item,574.2,703.2,0.4,0.4,129.0,22.5,80.8
"Secretaries and administrative assistants, except legal, medical, and executive",43-6014,Line item,"2,536.2","2,371.3",1.6,1.4,-164.9,-6.5,244.3
Computer operators,43-9011,Line item,51.5,39.7,0.0,0.0,-11.8,-22.8,3.4
Data entry keyers,43-9021,Line item,203.8,160.6,0.1,0.1,-43.3,-21.2,16.8
Word processors and typists,43-9022,Line item,74.9,50.1,0.0,0.0,-24.8,-33.1,4.5
Desktop publishers,43-9031,Line item,14.6,12.5,0.0,0.0,-2.0,-14.0,1.2
Insurance claims and policy processing clerks,43-9041,Line item,308.5,342.6,0.2,0.2,34.1,11.1,35.6
"Mail clerks and mail machine operators, except postal service",43-9051,Line item,95.5,88.4,0.1,0.1,-7.1,-7.4,9.4
"Office clerks, general",43-9061,Line item,"3,117.7","3,086.0",2.0,1.8,-31.8,-1.0,356.2
"Office machine operators, except computer",43-9071,Line item,59.9,50.5,0.0,0.0,-9.4,-15.6,5.1
Proofreaders and copy markers,43-9081,Line item,14.2,14.4,0.0,0.0,0.2,1.7,2.2
Statistical assistants,43-9111,Line item,11.8,12.9,0.0,0.0,1.1,9.2,1.6
"Office and administrative support workers, all other",43-9199,Line item,243.2,265.4,0.2,0.2,22.1,9.1,29.4
"First-line supervisors of farming, fishing, and forestry workers",45-1011,Line item,48.7,49.7,0.0,0.0,0.9,1.9,6.5
Agricultural inspectors,45-2011,Line item,15.6,16.3,0.0,0.0,0.7,4.6,2.2
Animal breeders,45-2021,Line item,9.0,9.2,0.0,0.0,0.2,2.0,1.4
"Graders and sorters, agricultural products",45-2041,Line item,42.9,42.5,0.0,0.0,-0.4,-0.9,5.7
Agricultural equipment operators,45-2091,Line item,63.9,67.4,0.0,0.0,3.5,5.5,10.2
"Farmworkers and laborers, crop, nursery, and greenhouse",45-2092,Line item,503.7,509.2,0.3,0.3,5.5,1.1,76.8
"Farmworkers, farm, ranch, and aquacultural animals",45-2093,Line item,268.1,258.0,0.2,0.2,-10.1,-3.8,38.6
"Agricultural workers, all other",45-2099,Line item,11.6,12.1,0.0,0.0,0.5,4.4,1.8
Fishing and hunting workers,45-3000,Line item,27.0,29.9,0.0,0.0,2.9,10.8,3.1
Forest and conservation workers,45-4011,Line item,14.3,14.0,0.0,0.0,-0.3,-2.4,2.1
Fallers,45-4021,Line item,7.5,6.3,0.0,0.0,-1.2,-16.2,0.8
Logging equipment operators,45-4022,Line item,39.1,34.2,0.0,0.0,-4.9,-12.6,4.2
Log graders and scalers,45-4023,Line item,4.2,4.1,0.0,0.0,-0.1,-3.0,0.5
"Logging workers, all other",45-4029,Line item,4.5,3.9,0.0,0.0,-0.7,-14.7,0.5
First-line supervisors of construction trades and extraction workers,47-1011,Line item,602.5,678.3,0.4,0.4,75.8,12.6,68.5
Boilermakers,47-2011,Line item,17.2,18.7,0.0,0.0,1.5,9.0,1.9
Brickmasons and blockmasons,47-2021,Line item,91.1,100.5,0.1,0.1,9.4,10.3,9.0
Stonemasons,47-2022,Line item,18.9,20.7,0.0,0.0,1.8,9.5,1.8
Carpenters,47-2031,Line item,"1,025.6","1,109.4",0.7,0.7,83.8,8.2,104.4
Carpet installers,47-2041,Line item,40.4,44.2,0.0,0.0,3.8,9.4,3.9
"Floor layers, except carpet, wood, and hard tiles",47-2042,Line item,16.3,17.9,0.0,0.0,1.6,9.7,1.6
Floor sanders and finishers,47-2043,Line item,7.3,7.9,0.0,0.0,0.7,9.5,0.7
Tile and marble setters,47-2044,Line item,58.3,64.0,0.0,0.0,5.6,9.7,5.7
Cement masons and concrete finishers,47-2051,Line item,178.9,201.5,0.1,0.1,22.5,12.6,22.4
Terrazzo workers and finishers,47-2053,Line item,3.6,4.0,0.0,0.0,0.4,12.3,0.4
Construction laborers,47-2061,Line item,"1,216.7","1,367.1",0.8,0.8,150.4,12.4,145.3
"Paving, surfacing, and tamping equipment operators",47-2071,Line item,51.9,58.2,0.0,0.0,6.3,12.1,6.2
Pile-driver operators,47-2072,Line item,3.7,4.2,0.0,0.0,0.5,14.6,0.5
Operating engineers and other construction equipment operators,47-2073,Line item,371.1,416.9,0.2,0.2,45.8,12.3,47.3
Drywall and ceiling tile installers,47-2081,Line item,119.5,120.7,0.1,0.1,1.2,1.0,10.5
Tapers,47-2082,Line item,23.7,23.8,0.0,0.0,0.1,0.3,2.1
Electricians,47-2111,Line item,666.9,726.5,0.4,0.4,59.6,8.9,82.0
Glaziers,47-2121,Line item,50.1,55.3,0.0,0.0,5.3,10.5,6.5
"Insulation workers, floor, ceiling, and wall",47-2131,Line item,30.9,31.3,0.0,0.0,0.4,1.3,3.3
"Insulation workers, mechanical",47-2132,Line item,28.6,31.4,0.0,0.0,2.8,9.7,3.4
"Painters, construction and maintenance",47-2141,Line item,381.5,403.4,0.2,0.2,21.9,5.7,35.2
Paperhangers,47-2142,Line item,5.7,6.0,0.0,0.0,0.3,4.6,0.5
Pipelayers,47-2151,Line item,44.1,51.7,0.0,0.0,7.6,17.2,5.7
"Plumbers, pipefitters, and steamfitters",47-2152,Line item,480.6,555.8,0.3,0.3,75.2,15.6,61.0
Plasterers and stucco masons,47-2161,Line item,27.7,28.8,0.0,0.0,1.1,3.9,2.7
Reinforcing iron and rebar workers,47-2171,Line item,20.1,22.5,0.0,0.0,2.4,12.1,2.4
Roofers,47-2181,Line item,146.2,162.4,0.1,0.1,16.2,11.1,16.5
Sheet metal workers,47-2211,Line item,138.9,150.9,0.1,0.1,12.0,8.7,16.2
Structural iron and steel workers,47-2221,Line item,70.2,79.2,0.0,0.0,9.0,12.8,8.7
Solar photovoltaic installers,47-2231,Line item,11.3,23.1,0.0,0.0,11.8,104.9,3.0
"Helpers--brickmasons, blockmasons, stonemasons, and tile and marble setters",47-3011,Line item,24.1,27.0,0.0,0.0,2.9,12.1,3.8
Helpers--carpenters,47-3012,Line item,36.7,41.4,0.0,0.0,4.7,12.8,5.9
Helpers--electricians,47-3013,Line item,73.2,80.9,0.0,0.0,7.7,10.6,11.5
"Helpers--painters, paperhangers, plasterers, and stucco masons",47-3014,Line item,10.9,11.4,0.0,0.0,0.5,4.1,1.6
"Helpers--pipelayers, plumbers, pipefitters, and steamfitters",47-3015,Line item,55.5,65.8,0.0,0.0,10.3,18.6,9.5
Helpers--roofers,47-3016,Line item,10.2,11.5,0.0,0.0,1.3,12.4,1.6
"Helpers, construction trades, all other",47-3019,Line item,22.1,24.8,0.0,0.0,2.7,12.1,3.5
Construction and building inspectors,47-4011,Line item,105.1,115.7,0.1,0.1,10.5,10.0,12.7
Elevator installers and repairers,47-4021,Line item,22.1,24.8,0.0,0.0,2.7,12.1,3.0
Fence erectors,47-4031,Line item,25.1,27.9,0.0,0.0,2.7,10.8,3.2
Hazardous materials removal workers,47-4041,Line item,46.2,54.1,0.0,0.0,7.9,17.2,6.7
Highway maintenance workers,47-4051,Line item,149.9,160.2,0.1,0.1,10.3,6.9,16.5
Rail-track laying and maintenance equipment operators,47-4061,Line item,14.0,15.2,0.0,0.0,1.2,8.6,1.5
Septic tank servicers and sewer pipe cleaners,47-4071,Line item,28.5,33.4,0.0,0.0,4.9,17.2,4.3
Segmental pavers,47-4091,Line item,2.1,2.4,0.0,0.0,0.3,12.0,0.3
"Construction and related workers, all other",47-4099,Line item,42.7,46.8,0.0,0.0,4.1,9.6,5.1
"Derrick operators, oil and gas",47-5011,Line item,11.1,13.9,0.0,0.0,2.8,25.7,1.8
"Rotary drill operators, oil and gas",47-5012,Line item,16.7,20.8,0.0,0.0,4.0,24.2,2.6
"Service unit operators, oil, gas, and mining",47-5013,Line item,41.4,51.1,0.0,0.0,9.7,23.4,6.4
"Earth drillers, except oil and gas",47-5021,Line item,19.6,23.5,0.0,0.0,3.9,19.6,2.6
"Explosives workers, ordnance handling experts, and blasters",47-5031,Line item,6.3,6.8,0.0,0.0,0.5,7.1,0.8
Continuous mining machine operators,47-5041,Line item,12.3,11.9,0.0,0.0,-0.5,-3.7,1.4
Mine cutting and channeling machine operators,47-5042,Line item,6.1,5.8,0.0,0.0,-0.3,-4.5,0.7
"Mining machine operators, all other",47-5049,Line item,2.2,2.2,0.0,0.0,0.0,0.2,0.3
"Rock splitters, quarry",47-5051,Line item,3.7,3.5,0.0,0.0,-0.2,-6.3,0.4
"Roof bolters, mining",47-5061,Line item,3.7,3.5,0.0,0.0,-0.2,-5.2,0.4
"Roustabouts, oil and gas",47-5071,Line item,50.0,62.4,0.0,0.0,12.4,24.8,8.0
Helpers--extraction workers,47-5081,Line item,17.0,20.3,0.0,0.0,3.4,19.7,2.6
"Extraction workers, all other",47-5099,Line item,4.2,4.8,0.0,0.0,0.7,15.9,0.6
"First-line supervisors of mechanics, installers, and repairers",49-1011,Line item,462.2,495.0,0.3,0.3,32.8,7.1,43.4
"Computer, automated teller, and office machine repairers",49-2011,Line item,119.5,117.7,0.1,0.1,-1.8,-1.5,11.2
"Radio, cellular, and tower equipment installers and repairs",49-2021,Line item,14.5,15.3,0.0,0.0,0.8,5.4,1.6
"Telecommunications equipment installers and repairers, except line installers",49-2022,Line item,237.6,219.4,0.2,0.1,-18.2,-7.6,21.9
Avionics technicians,49-2091,Line item,17.5,18.6,0.0,0.0,1.1,6.0,1.5
"Electric motor, power tool, and related repairers",49-2092,Line item,17.3,18.5,0.0,0.0,1.2,7.0,1.8
"Electrical and electronics installers and repairers, transportation equipment",49-2093,Line item,13.9,14.3,0.0,0.0,0.4,2.9,1.3
"Electrical and electronics repairers, commercial and industrial equipment",49-2094,Line item,68.3,69.9,0.0,0.0,1.6,2.4,6.1
"Electrical and electronics repairers, powerhouse, substation, and relay",49-2095,Line item,23.4,24.3,0.0,0.0,0.9,3.7,2.1
"Electronic equipment installers and repairers, motor vehicles",49-2096,Line item,12.1,9.0,0.0,0.0,-3.1,-25.6,0.7
Electronic home entertainment equipment installers and repairers,49-2097,Line item,31.7,31.7,0.0,0.0,0.0,0.0,3.3
Security and fire alarm systems installers,49-2098,Line item,72.3,82.6,0.0,0.0,10.4,14.4,9.4
Aircraft mechanics and service technicians,49-3011,Line item,132.0,138.5,0.1,0.1,6.4,4.9,10.9
Automotive body and related repairers,49-3021,Line item,160.4,174.1,0.1,0.1,13.6,8.5,17.1
Automotive glass installers and repairers,49-3022,Line item,19.6,20.9,0.0,0.0,1.3,6.5,2.1
Automotive service technicians and mechanics,49-3023,Line item,749.9,795.8,0.5,0.5,45.9,6.1,75.6
Bus and truck mechanics and diesel engine specialists,49-3031,Line item,278.8,304.6,0.2,0.2,25.8,9.2,28.2
Farm equipment mechanics and service technicians,49-3041,Line item,42.5,45.7,0.0,0.0,3.2,7.6,4.5
"Mobile heavy equipment mechanics, except engines",49-3042,Line item,127.4,137.9,0.1,0.1,10.5,8.3,13.5
Rail car repairers,49-3043,Line item,22.3,23.4,0.0,0.0,1.2,5.2,2.3
Motorboat mechanics and service technicians,49-3051,Line item,23.4,23.3,0.0,0.0,-0.1,-0.5,2.4
Motorcycle mechanics,49-3052,Line item,18.3,18.4,0.0,0.0,0.0,0.3,1.9
Outdoor power equipment and other small engine mechanics,49-3053,Line item,37.6,41.5,0.0,0.0,3.9,10.3,4.4
Bicycle repairers,49-3091,Line item,12.4,16.1,0.0,0.0,3.6,29.3,2.1
Recreational vehicle service technicians,49-3092,Line item,13.8,13.7,0.0,0.0,-0.2,-1.1,1.7
Tire repairers and changers,49-3093,Line item,111.7,112.5,0.1,0.1,0.8,0.7,13.8
Mechanical door repairers,49-9011,Line item,20.4,22.5,0.0,0.0,2.1,10.2,1.8
"Control and valve installers and repairers, except mechanical door",49-9012,Line item,46.9,49.2,0.0,0.0,2.3,4.9,3.8
"Heating, air conditioning, and refrigeration mechanics and installers",49-9021,Line item,332.9,381.7,0.2,0.2,48.8,14.7,38.7
Home appliance repairers,49-9031,Line item,46.6,44.7,0.0,0.0,-1.9,-4.2,4.0
Industrial machinery mechanics,49-9041,Line item,346.9,370.1,0.2,0.2,23.2,6.7,33.0
"Maintenance workers, machinery",49-9043,Line item,89.7,94.7,0.1,0.1,5.0,5.6,9.8
Millwrights,49-9044,Line item,39.5,43.4,0.0,0.0,3.9,9.8,4.0
"Refractory materials repairers, except brickmasons",49-9045,Line item,1.6,1.5,0.0,0.0,-0.1,-3.5,0.1
Electrical power-line installers and repairers,49-9051,Line item,120.9,137.7,0.1,0.1,16.8,13.9,11.7
Telecommunications line installers and repairers,49-9052,Line item,106.1,107.7,0.1,0.1,1.6,1.5,10.7
Camera and photographic equipment repairers,49-9061,Line item,4.0,4.1,0.0,0.0,0.1,2.3,0.4
Medical equipment repairers,49-9062,Line item,47.1,49.1,0.0,0.0,2.0,4.3,4.3
Musical instrument repairers and tuners,49-9063,Line item,8.3,8.4,0.0,0.0,0.1,1.2,0.7
Watch repairers,49-9064,Line item,1.8,1.2,0.0,0.0,-0.5,-29.7,0.1
"Precision instrument and equipment repairers, all other",49-9069,Line item,12.6,12.8,0.0,0.0,0.3,2.1,1.1
"Maintenance and repair workers, general",49-9071,Line item,"1,432.6","1,545.1",0.9,0.9,112.5,7.9,154.7
Wind turbine service technicians,49-9081,Line item,5.8,11.3,0.0,0.0,5.6,96.3,1.4
"Coin, vending, and amusement machine servicers and repairers",49-9091,Line item,36.6,32.0,0.0,0.0,-4.6,-12.5,3.3
Commercial divers,49-9092,Line item,4.1,4.5,0.0,0.0,0.4,10.8,0.4
"Fabric menders, except garment",49-9093,Line item,0.7,0.6,0.0,0.0,0.0,-7.3,0.1
Locksmiths and safe repairers,49-9094,Line item,28.7,27.8,0.0,0.0,-1.0,-3.3,2.5
Manufactured building and mobile home installers,49-9095,Line item,4.3,4.0,0.0,0.0,-0.4,-8.9,0.3
Riggers,49-9096,Line item,20.9,22.9,0.0,0.0,2.1,9.8,2.3
Signal and track switch repairers,49-9097,Line item,10.0,10.2,0.0,0.0,0.1,1.3,1.0
"Helpers--installation, maintenance, and repair workers",49-9098,Line item,120.2,133.5,0.1,0.1,13.3,11.1,17.0
"Installation, maintenance, and repair workers, all other",49-9099,Line item,175.8,190.3,0.1,0.1,14.5,8.2,18.7
First-line supervisors of production and operating workers,51-1011,Line item,621.4,619.5,0.4,0.4,-1.8,-0.3,59.3
"Aircraft structure, surfaces, rigging, and systems assemblers",51-2011,Line item,41.8,34.5,0.0,0.0,-7.3,-17.4,3.2
"Coil winders, tapers, and finishers",51-2021,Line item,14.1,11.2,0.0,0.0,-2.9,-20.7,1.2
Electrical and electronic equipment assemblers,51-2022,Line item,218.9,173.3,0.1,0.1,-45.6,-20.8,18.2
Electromechanical equipment assemblers,51-2023,Line item,45.7,35.9,0.0,0.0,-9.8,-21.4,3.8
Engine and other machine assemblers,51-2031,Line item,38.0,31.5,0.0,0.0,-6.5,-17.2,2.8
Structural metal fabricators and fitters,51-2041,Line item,77.0,65.2,0.0,0.0,-11.8,-15.3,6.5
Fiberglass laminators and fabricators,51-2091,Line item,19.7,19.4,0.0,0.0,-0.3,-1.5,2.2
Team assemblers,51-2092,Line item,"1,130.9",985.9,0.7,0.6,-145.0,-12.8,107.4
Timing device assemblers and adjusters,51-2093,Line item,0.8,0.6,0.0,0.0,-0.2,-20.1,0.1
"Assemblers and fabricators, all other",51-2099,Line item,232.4,199.8,0.1,0.1,-32.6,-14.0,21.6
Bakers,51-3011,Line item,191.0,205.6,0.1,0.1,14.6,7.6,29.1
Butchers and meat cutters,51-3021,Line item,135.7,143.5,0.1,0.1,7.8,5.8,17.7
"Meat, poultry, and fish cutters and trimmers",51-3022,Line item,156.4,157.8,0.1,0.1,1.4,0.9,19.2
Slaughterers and meat packers,51-3023,Line item,82.5,83.0,0.1,0.0,0.5,0.6,10.1
"Food and tobacco roasting, baking, and drying machine operators and tenders",51-3091,Line item,20.1,19.9,0.0,0.0,-0.2,-0.8,2.2
Food batchmakers,51-3092,Line item,153.7,156.4,0.1,0.1,2.6,1.7,21.7
Food cooking machine operators and tenders,51-3093,Line item,37.2,38.1,0.0,0.0,0.9,2.5,5.2
"Food processing workers, all other",51-3099,Line item,46.4,49.4,0.0,0.0,3.0,6.5,5.6
"Computer-controlled machine tool operators, metal and plastic",51-4011,Line item,145.7,147.3,0.1,0.1,1.6,1.1,14.5
"Computer numerically controlled machine tool programmers, metal and plastic",51-4012,Line item,25.1,29.2,0.0,0.0,4.1,16.3,3.1
"Extruding and drawing machine setters, operators, and tenders, metal and plastic",51-4021,Line item,72.3,61.3,0.0,0.0,-11.0,-15.2,5.6
"Forging machine setters, operators, and tenders, metal and plastic",51-4022,Line item,19.2,15.5,0.0,0.0,-3.7,-19.2,1.4
"Rolling machine setters, operators, and tenders, metal and plastic",51-4023,Line item,29.0,25.3,0.0,0.0,-3.7,-12.9,2.3
"Cutting, punching, and press machine setters, operators, and tenders, metal and plastic",51-4031,Line item,192.7,175.9,0.1,0.1,-16.8,-8.7,18.9
"Drilling and boring machine tool setters, operators, and tenders, metal and plastic",51-4032,Line item,12.3,9.9,0.0,0.0,-2.4,-19.5,0.9
"Grinding, lapping, polishing, and buffing machine tool setters, operators, and tenders, metal and plastic",51-4033,Line item,76.2,68.3,0.0,0.0,-7.8,-10.3,6.8
"Lathe and turning machine tool setters, operators, and tenders, metal and plastic",51-4034,Line item,33.7,30.8,0.0,0.0,-2.8,-8.4,2.9
"Milling and planing machine setters, operators, and tenders, metal and plastic",51-4035,Line item,17.6,14.2,0.0,0.0,-3.4,-19.3,1.3
Machinists,51-4041,Line item,396.2,404.1,0.3,0.2,7.9,2.0,40.7
Metal-refining furnace operators and tenders,51-4051,Line item,17.7,16.3,0.0,0.0,-1.4,-8.1,1.5
"Pourers and casters, metal",51-4052,Line item,8.4,6.5,0.0,0.0,-2.0,-23.4,0.5
"Model makers, metal and plastic",51-4061,Line item,6.3,5.5,0.0,0.0,-0.8,-12.2,0.6
"Patternmakers, metal and plastic",51-4062,Line item,3.4,2.9,0.0,0.0,-0.5,-15.5,0.3
Foundry mold and coremakers,51-4071,Line item,12.5,9.5,0.0,0.0,-3.0,-24.0,0.9
"Molding, coremaking, and casting machine setters, operators, and tenders, metal and plastic",51-4072,Line item,145.4,123.6,0.1,0.1,-21.8,-15.0,12.9
"Multiple machine tool setters, operators, and tenders, metal and plastic",51-4081,Line item,117.8,114.7,0.1,0.1,-3.1,-2.7,12.0
Tool and die makers,51-4111,Line item,72.5,67.3,0.0,0.0,-5.2,-7.2,6.0
"Welders, cutters, solderers, and brazers",51-4121,Line item,404.8,427.3,0.3,0.3,22.5,5.6,45.8
"Welding, soldering, and brazing machine setters, operators, and tenders",51-4122,Line item,49.2,44.2,0.0,0.0,-5.0,-10.2,4.4
"Heat treating equipment setters, operators, and tenders, metal and plastic",51-4191,Line item,19.8,17.0,0.0,0.0,-2.8,-14.2,1.7
"Layout workers, metal and plastic",51-4192,Line item,9.2,8.5,0.0,0.0,-0.6,-6.9,0.9
"Plating and coating machine setters, operators, and tenders, metal and plastic",51-4193,Line item,35.3,30.4,0.0,0.0,-4.9,-13.8,2.8
"Tool grinders, filers, and sharpeners",51-4194,Line item,9.5,9.2,0.0,0.0,-0.3,-3.5,1.1
"Metal workers and plastic workers, all other",51-4199,Line item,23.0,21.4,0.0,0.0,-1.5,-6.7,2.2
Prepress technicians and workers,51-5111,Line item,34.6,27.7,0.0,0.0,-6.9,-19.9,3.0
Printing press operators,51-5112,Line item,178.7,160.2,0.1,0.1,-18.6,-10.4,15.8
Print binding and finishing workers,51-5113,Line item,54.0,47.6,0.0,0.0,-6.5,-12.0,6.0
Laundry and dry-cleaning workers,51-6011,Line item,220.1,219.6,0.1,0.1,-0.5,-0.2,29.5
"Pressers, textile, garment, and related materials",51-6021,Line item,45.0,42.0,0.0,0.0,-3.0,-6.7,5.2
Sewing machine operators,51-6031,Line item,153.9,128.2,0.1,0.1,-25.7,-16.7,12.3
Shoe and leather workers and repairers,51-6041,Line item,11.0,9.7,0.0,0.0,-1.3,-11.7,0.8
Shoe machine operators and tenders,51-6042,Line item,3.6,3.3,0.0,0.0,-0.3,-9.5,0.4
"Sewers, hand",51-6051,Line item,13.5,11.6,0.0,0.0,-1.8,-13.7,1.4
"Tailors, dressmakers, and custom sewers",51-6052,Line item,44.3,39.8,0.0,0.0,-4.5,-10.1,4.8
Textile bleaching and dyeing machine operators and tenders,51-6061,Line item,11.3,9.2,0.0,0.0,-2.0,-18.1,1.0
"Textile cutting machine setters, operators, and tenders",51-6062,Line item,15.0,12.6,0.0,0.0,-2.4,-15.8,1.6
"Textile knitting and weaving machine setters, operators, and tenders",51-6063,Line item,22.2,17.9,0.0,0.0,-4.3,-19.3,2.1
"Textile winding, twisting, and drawing out machine setters, operators, and tenders",51-6064,Line item,30.8,25.6,0.0,0.0,-5.2,-16.8,2.6
"Extruding and forming machine setters, operators, and tenders, synthetic and glass fibers",51-6091,Line item,20.2,18.3,0.0,0.0,-1.9,-9.5,2.1
Fabric and apparel patternmakers,51-6092,Line item,5.5,4.6,0.0,0.0,-0.9,-16.1,0.5
Upholsterers,51-6093,Line item,41.6,41.8,0.0,0.0,0.1,0.3,4.2
"Textile, apparel, and furnishings workers, all other",51-6099,Line item,16.3,15.7,0.0,0.0,-0.7,-4.1,1.8
Cabinetmakers and bench carpenters,51-7011,Line item,109.3,111.8,0.1,0.1,2.5,2.3,11.5
Furniture finishers,51-7021,Line item,22.4,22.3,0.0,0.0,-0.1,-0.4,2.0
"Model makers, wood",51-7031,Line item,1.9,1.9,0.0,0.0,0.1,3.0,0.2
"Patternmakers, wood",51-7032,Line item,1.8,1.8,0.0,0.0,0.1,3.3,0.2
"Sawing machine setters, operators, and tenders, wood",51-7041,Line item,54.8,54.6,0.0,0.0,-0.2,-0.3,6.2
"Woodworking machine setters, operators, and tenders, except sawing",51-7042,Line item,77.1,77.5,0.0,0.0,0.5,0.6,8.4
"Woodworkers, all other",51-7099,Line item,12.1,12.5,0.0,0.0,0.4,3.6,1.4
Nuclear power reactor operators,51-8011,Line item,7.0,6.3,0.0,0.0,-0.7,-10.2,0.5
Power distributors and dispatchers,51-8012,Line item,11.6,11.3,0.0,0.0,-0.3,-2.5,1.0
Power plant operators,51-8013,Line item,36.1,36.5,0.0,0.0,0.5,1.3,3.2
Stationary engineers and boiler operators,51-8021,Line item,35.7,37.5,0.0,0.0,1.7,4.8,3.9
Water and wastewater treatment plant and system operators,51-8031,Line item,119.2,115.4,0.1,0.1,-3.8,-3.2,9.2
Chemical plant and system operators,51-8091,Line item,33.2,30.1,0.0,0.0,-3.1,-9.2,2.8
Gas plant operators,51-8092,Line item,17.3,17.3,0.0,0.0,0.0,0.0,1.7
"Petroleum pump system operators, refinery operators, and gaugers",51-8093,Line item,41.8,43.0,0.0,0.0,1.2,2.8,4.3
"Plant and system operators, all other",51-8099,Line item,12.1,12.4,0.0,0.0,0.2,1.9,1.2
Chemical equipment operators and tenders,51-9011,Line item,74.1,70.4,0.0,0.0,-3.7,-5.0,7.3
"Separating, filtering, clarifying, precipitating, and still machine setters, operators, and tenders",51-9012,Line item,47.2,47.3,0.0,0.0,0.1,0.1,5.0
"Crushing, grinding, and polishing machine setters, operators, and tenders",51-9021,Line item,30.2,28.2,0.0,0.0,-2.0,-6.7,3.0
"Grinding and polishing workers, hand",51-9022,Line item,26.6,21.1,0.0,0.0,-5.4,-20.5,2.1
"Mixing and blending machine setters, operators, and tenders",51-9023,Line item,131.0,126.9,0.1,0.1,-4.1,-3.1,13.9
"Cutters and trimmers, hand",51-9031,Line item,14.7,13.2,0.0,0.0,-1.5,-10.1,1.4
"Cutting and slicing machine setters, operators, and tenders",51-9032,Line item,63.6,61.1,0.0,0.0,-2.5,-4.0,6.8
"Extruding, forming, pressing, and compacting machine setters, operators, and tenders",51-9041,Line item,71.4,67.5,0.0,0.0,-3.8,-5.4,7.9
"Furnace, kiln, oven, drier, and kettle operators and tenders",51-9051,Line item,21.9,20.8,0.0,0.0,-1.1,-5.2,2.0
"Inspectors, testers, sorters, samplers, and weighers",51-9061,Line item,520.7,465.2,0.3,0.3,-55.5,-10.7,52.7
Jewelers and precious stone and metal workers,51-9071,Line item,37.7,35.2,0.0,0.0,-2.5,-6.7,3.5
Dental laboratory technicians,51-9081,Line item,38.1,43.6,0.0,0.0,5.5,14.4,5.0
Medical appliance technicians,51-9082,Line item,15.0,17.0,0.0,0.0,2.0,13.6,2.0
Ophthalmic laboratory technicians,51-9083,Line item,29.1,32.5,0.0,0.0,3.4,11.8,3.7
Packaging and filling machine operators and tenders,51-9111,Line item,383.0,389.7,0.2,0.2,6.7,1.7,44.6
"Coating, painting, and spraying machine setters, operators, and tenders",51-9121,Line item,89.9,89.9,0.1,0.1,0.0,0.0,9.3
"Painters, transportation equipment",51-9122,Line item,58.1,61.9,0.0,0.0,3.9,6.6,6.6
"Painting, coating, and decorating workers",51-9123,Line item,16.3,16.4,0.0,0.0,0.1,0.9,1.7
Semiconductor processors,51-9141,Line item,25.5,24.1,0.0,0.0,-1.4,-5.6,2.6
Photographic process workers and processing machine operators,51-9151,Line item,26.9,22.0,0.0,0.0,-4.9,-18.1,3.3
Adhesive bonding machine operators and tenders,51-9191,Line item,17.0,16.6,0.0,0.0,-0.5,-2.7,1.8
"Cleaning, washing, and metal pickling equipment operators and tenders",51-9192,Line item,17.2,17.3,0.0,0.0,0.1,0.4,2.2
Cooling and freezing equipment operators and tenders,51-9193,Line item,8.7,8.8,0.0,0.0,0.1,1.4,1.0
Etchers and engravers,51-9194,Line item,10.6,10.6,0.0,0.0,0.1,0.6,1.3
"Molders, shapers, and casters, except metal and plastic",51-9195,Line item,43.0,41.9,0.0,0.0,-1.0,-2.3,4.2
"Paper goods machine setters, operators, and tenders",51-9196,Line item,94.6,86.1,0.1,0.1,-8.5,-9.0,8.3
Tire builders,51-9197,Line item,22.3,19.6,0.0,0.0,-2.7,-12.1,2.1
Helpers--production workers,51-9198,Line item,426.0,475.5,0.3,0.3,49.5,11.6,72.0
"Production workers, all other",51-9199,Line item,263.5,275.1,0.2,0.2,11.6,4.4,31.4
Aircraft cargo handling supervisors,53-1011,Line item,7.6,8.1,0.0,0.0,0.5,5.9,0.8
"First-line supervisors of helpers, laborers, and material movers, hand",53-1021,Line item,184.4,200.1,0.1,0.1,15.7,8.5,21.0
First-line supervisors of transportation and material-moving machine and vehicle operators,53-1031,Line item,204.2,217.7,0.1,0.1,13.5,6.6,22.6
"Airline pilots, copilots, and flight engineers",53-2011,Line item,84.0,86.9,0.1,0.1,2.9,3.4,8.1
Commercial pilots,53-2012,Line item,40.8,42.3,0.0,0.0,1.6,3.8,4.0
Air traffic controllers,53-2021,Line item,24.9,25.8,0.0,0.0,0.9,3.5,2.4
Airfield operations specialists,53-2022,Line item,8.9,9.7,0.0,0.0,0.8,8.8,0.9
Flight attendants,53-2031,Line item,116.6,128.5,0.1,0.1,11.9,10.2,14.2
"Ambulance drivers and attendants, except emergency medical technicians",53-3011,Line item,17.3,21.1,0.0,0.0,3.8,21.9,3.1
"Bus drivers, transit and intercity",53-3021,Line item,179.3,195.4,0.1,0.1,16.1,9.0,24.0
"Bus drivers, school or special client",53-3022,Line item,507.9,535.2,0.3,0.3,27.3,5.4,64.9
Driver/sales workers,53-3031,Line item,467.9,461.0,0.3,0.3,-6.9,-1.5,48.2
Heavy and tractor-trailer truck drivers,53-3032,Line item,"1,871.7","1,980.1",1.2,1.2,108.4,5.8,213.5
Light truck or delivery services drivers,53-3033,Line item,953.5,"1,015.6",0.6,0.6,62.1,6.5,109.8
Taxi drivers and chauffeurs,53-3041,Line item,305.1,320.3,0.2,0.2,15.1,5.0,32.7
"Motor vehicle operators, all other",53-3099,Line item,56.2,62.0,0.0,0.0,5.8,10.3,10.7
Locomotive engineers,53-4011,Line item,38.8,37.7,0.0,0.0,-1.1,-2.8,3.0
Locomotive firers,53-4012,Line item,1.2,0.3,0.0,0.0,-0.9,-78.6,0.0
"Rail yard engineers, dinkey operators, and hostlers",53-4013,Line item,4.4,4.6,0.0,0.0,0.2,3.7,0.4
"Railroad brake, signal, and switch operators",53-4021,Line item,19.3,19.0,0.0,0.0,-0.3,-1.6,1.7
Railroad conductors and yardmasters,53-4031,Line item,41.8,41.0,0.0,0.0,-0.9,-2.1,3.7
Subway and streetcar operators,53-4041,Line item,12.8,13.4,0.0,0.0,0.5,4.1,1.3
"Rail transportation workers, all other",53-4099,Line item,4.6,4.8,0.0,0.0,0.1,3.1,0.4
Sailors and marine oilers,53-5011,Line item,33.8,36.4,0.0,0.0,2.6,7.6,4.4
"Captains, mates, and pilots of water vessels",53-5021,Line item,38.8,42.2,0.0,0.0,3.4,8.8,4.4
Motorboat operators,53-5022,Line item,3.6,3.9,0.0,0.0,0.3,7.6,0.4
Ship engineers,53-5031,Line item,10.1,10.8,0.0,0.0,0.7,6.5,1.3
Bridge and lock tenders,53-6011,Line item,3.7,3.8,0.0,0.0,0.2,4.9,0.4
Parking lot attendants,53-6021,Line item,151.6,161.0,0.1,0.1,9.4,6.2,23.9
Automotive and watercraft service attendants,53-6031,Line item,110.0,121.7,0.1,0.1,11.7,10.6,20.0
Traffic technicians,53-6041,Line item,6.6,7.2,0.0,0.0,0.6,9.1,0.8
Transportation inspectors,53-6051,Line item,28.2,29.8,0.0,0.0,1.7,5.9,2.9
"Transportation attendants, except flight attendants",53-6061,Line item,18.5,20.0,0.0,0.0,1.6,8.4,2.7
"Transportation workers, all other",53-6099,Line item,38.0,41.2,0.0,0.0,3.1,8.3,4.8
Conveyor operators and tenders,53-7011,Line item,28.1,27.7,0.0,0.0,-0.3,-1.2,3.7
Crane and tower operators,53-7021,Line item,46.0,49.9,0.0,0.0,3.9,8.6,5.3
Dredge operators,53-7031,Line item,1.8,1.9,0.0,0.0,0.1,5.0,0.2
Excavating and loading machine and dragline operators,53-7032,Line item,50.6,54.7,0.0,0.0,4.1,8.1,6.1
"Loading machine operators, underground mining",53-7033,Line item,2.6,2.5,0.0,0.0,-0.1,-3.5,0.3
Hoist and winch operators,53-7041,Line item,2.9,2.9,0.0,0.0,0.0,-0.7,0.4
Industrial truck and tractor operators,53-7051,Line item,549.9,585.9,0.4,0.3,36.1,6.6,65.9
Cleaners of vehicles and equipment,53-7061,Line item,369.2,408.7,0.2,0.2,39.5,10.7,57.8
"Laborers and freight, stock, and material movers, hand",53-7062,Line item,"2,628.4","2,828.1",1.7,1.7,199.7,7.6,388.4
Machine feeders and offbearers,53-7063,Line item,87.7,89.2,0.1,0.1,1.6,1.8,12.0
"Packers and packagers, hand",53-7064,Line item,710.8,723.8,0.5,0.4,13.0,1.8,108.4
Gas compressor and gas pumping station operators,53-7071,Line item,3.9,4.0,0.0,0.0,0.1,3.4,0.5
"Pump operators, except wellhead pumpers",53-7072,Line item,11.9,13.5,0.0,0.0,1.6,13.8,1.7
Wellhead pumpers,53-7073,Line item,11.5,14.0,0.0,0.0,2.5,21.7,1.8
Refuse and recyclable material collectors,53-7081,Line item,136.0,153.9,0.1,0.1,17.9,13.2,18.9
Mine shuttle car operators,53-7111,Line item,1.5,1.2,0.0,0.0,-0.3,-21.9,0.1
"Tank car, truck, and ship loaders",53-7121,Line item,10.8,11.4,0.0,0.0,0.6,5.2,1.4
"Material moving workers, all other",53-7199,Line item,24.4,26.7,0.0,0.0,2.3,9.3,3.2
"Source: Employment Projections program, U.S. Bureau of Labor Statistics",,,,,,,,,
